CustomerID,First_name,Last_name,Email,Gender,Country
1,Tonnie,Wheway,twheway0@imgur.com,Male,China
2,Datha,Quantrell,dquantrell1@shop-pro.jp,Female,Russia
3,Randolf,Alway,ralway2@archive.org,Male,Thailand
4,Moss,Sannes,msannes3@cnn.com,Male,Nigeria
5,Alistair,Morden,amorden4@yelp.com,Male,Russia
6,Jacquelynn,Brewer,jbrewer5@tmall.com,Female,Russia
7,Ruth,Turneaux,rturneaux6@51.la,Female,China
8,Elia,Knoton,eknoton7@about.com,Male,Greece
9,Janeta,Yannikov,jyannikov8@abc.net.au,Female,China
10,Kylen,Kennefick,kkennefick9@wunderground.com,Female,South Korea
11,Osborn,Keijser,okeijsera@opensource.org,Male,Russia
12,Terrence,MacKilroe,tmackilroeb@phoca.cz,Male,Malawi
13,Itch,Hasty,ihastyc@imageshack.us,Male,Czech Republic
14,Jayson,Ives,jivesd@nbcnews.com,Male,China
15,Ford,Tees,fteese@wikispaces.com,Male,Indonesia
16,Knox,MacTrustie,kmactrustief@gizmodo.com,Male,Brazil
17,Elliot,Mattinson,emattinsong@clickbank.net,Male,China
18,Marcile,Glanert,mglanerth@examiner.com,Female,Estonia
19,Doralynn,Sayles,dsaylesi@people.com.cn,Female,Peru
20,Ronnica,Giacaponi,rgiacaponij@cam.ac.uk,Female,Gambia
21,Dave,Kunz,dkunzk@fema.gov,Male,Mayotte
22,Rochella,Cottis,rcottisl@photobucket.com,Female,Tuvalu
23,Shaw,Gimblett,sgimblettm@whitehouse.gov,Male,Indonesia
24,Kaila,Dix,kdixn@github.com,Female,China
25,Dorita,Duddy,dduddyo@topsy.com,Female,Venezuela
26,Fabe,Coade,fcoadep@epa.gov,Male,Czech Republic
27,Ashil,Nussgen,anussgenq@unblog.fr,Female,Portugal
28,Rozanna,Kick,rkickr@quantcast.com,Female,Poland
29,Thaddus,Willshere,twillsheres@go.com,Male,Madagascar
30,Norah,McAllister,nmcallistert@comsenz.com,Female,Brazil
31,Julie,Baudou,jbaudouu@usda.gov,Male,Egypt
32,Bevin,Caesmans,bcaesmansv@indiatimes.com,Male,Norway
33,Jacques,Waple,jwaplew@ovh.net,Male,Philippines
34,Augustine,Mougel,amougelx@php.net,Male,Ireland
35,Shem,Bewlie,sbewliey@storify.com,Male,Sweden
36,Clayton,Grayshan,cgrayshanz@msn.com,Male,Russia
37,Charo,Sarre,csarre10@businessweek.com,Female,Iran
38,Maible,Biddlestone,mbiddlestone11@huffingtonpost.com,Female,China
39,Fredelia,Barhims,fbarhims12@sphinn.com,Female,China
40,Iona,Strowther,istrowther13@sfgate.com,Female,France
41,Juliann,Drinkhall,jdrinkhall14@usda.gov,Female,Madagascar
42,Karel,Munehay,kmunehay15@tinyurl.com,Female,Indonesia
43,Ermin,Carmen,ecarmen16@oaic.gov.au,Male,China
44,Ambrose,Bullivent,abullivent17@photobucket.com,Male,Brazil
45,Kaja,Hugo,khugo18@soup.io,Female,Canada
46,Zollie,O'Crigane,zocrigane19@1688.com,Male,Nigeria
47,Dulcia,McMyler,dmcmyler1a@smugmug.com,Female,Greece
48,Herbie,Sleightholme,hsleightholme1b@unicef.org,Male,Albania
49,Beniamino,Gritsaev,bgritsaev1c@auda.org.au,Male,Philippines
50,Barbi,Harner,bharner1d@irs.gov,Female,China
51,Howey,Rumney,hrumney1e@nps.gov,Male,Portugal
52,Claiborn,Georgeau,cgeorgeau1f@comcast.net,Male,France
53,Say,Cleare,scleare1g@addtoany.com,Male,Argentina
54,Stanfield,Colclough,scolclough1h@dion.ne.jp,Male,Honduras
55,Darill,Phillcox,dphillcox1i@dropbox.com,Male,Russia
56,Carmelina,Drewe,cdrewe1j@netlog.com,Female,Poland
57,Fidole,Stammler,fstammler1k@mac.com,Male,China
58,Billye,Easterbrook,beasterbrook1l@google.com.br,Female,Yemen
59,Heath,Ivanenkov,hivanenkov1m@studiopress.com,Male,Nepal
60,Elfreda,Pudney,epudney1n@nasa.gov,Female,Macedonia
61,Kara,Burnitt,kburnitt1o@cdbaby.com,Female,Japan
62,Melodie,Pakes,mpakes1p@delicious.com,Female,North Korea
63,Erwin,Morrieson,emorrieson1q@google.com.hk,Male,Indonesia
64,Devlin,Josephson,djosephson1r@odnoklassniki.ru,Male,Vietnam
65,Freddie,Daniaud,fdaniaud1s@storify.com,Female,Indonesia
66,Adoree,McKevany,amckevany1t@usa.gov,Female,Greece
67,Elfie,Canby,ecanby1u@mapquest.com,Female,China
68,Sile,Lowrie,slowrie1v@utexas.edu,Female,Japan
69,Shaun,Binnell,sbinnell1w@webnode.com,Female,Albania
70,Maddi,Kennefick,mkennefick1x@netscape.com,Female,China
71,Geoffry,Opie,gopie1y@dot.gov,Male,Sweden
72,Stacie,Burnard,sburnard1z@prweb.com,Female,Namibia
73,Giana,Jakubiak,gjakubiak20@cpanel.net,Female,Albania
74,Kikelia,Kassidy,kkassidy21@thetimes.co.uk,Female,Japan
75,Kial,Frere,kfrere22@myspace.com,Female,Russia
76,Fawn,Scantlebury,fscantlebury23@chicagotribune.com,Female,Norway
77,Mindy,Acres,macres24@google.fr,Female,France
78,Gerry,Viste,gviste25@google.es,Female,Portugal
79,Ericka,Coggill,ecoggill26@boston.com,Female,China
80,Hildagard,Humbee,hhumbee27@studiopress.com,Female,France
81,Stefania,Trusdale,strusdale28@artisteer.com,Female,China
82,Rosalia,Hampshire,rhampshire29@live.com,Female,Vietnam
83,Hewe,Kealey,hkealey2a@unblog.fr,Male,Croatia
84,Alberto,Pawel,apawel2b@last.fm,Male,Iran
85,Rock,Schofield,rschofield2c@nsw.gov.au,Male,Vietnam
86,Major,Blamires,mblamires2d@reuters.com,Male,China
87,Carlos,Glewe,cglewe2e@goo.gl,Male,Poland
88,Pat,Koba,pkoba2f@statcounter.com,Female,Canada
89,Currey,Pawelski,cpawelski2g@google.fr,Male,Russia
90,Netta,Sifleet,nsifleet2h@cdc.gov,Female,Indonesia
91,Benyamin,Wenman,bwenman2i@netscape.com,Male,Mexico
92,Ardyce,Crayden,acrayden2j@simplemachines.org,Female,Argentina
93,Kathrine,Gambie,kgambie2k@1688.com,Female,Indonesia
94,Veda,Theobold,vtheobold2l@ucla.edu,Female,Indonesia
95,Kaspar,Fulstow,kfulstow2m@usa.gov,Male,Russia
96,Darill,O'Rourke,dorourke2n@baidu.com,Male,Japan
97,Gladys,Heino,gheino2o@reverbnation.com,Female,Albania
98,Feodora,Aleksic,faleksic2p@fotki.com,Female,Poland
99,Konstantine,Chetwind,kchetwind2q@linkedin.com,Male,Ukraine
100,Rockwell,Bollam,rbollam2r@creativecommons.org,Male,Vietnam
101,Rad,Shorrock,rshorrock2s@paginegialle.it,Male,China
102,Anthiathia,Welton,awelton2t@myspace.com,Female,Uganda
103,Morley,Dinis,mdinis2u@timesonline.co.uk,Male,Japan
104,Melantha,Shellum,mshellum2v@cornell.edu,Female,Poland
105,Tore,Coult,tcoult2w@bloomberg.com,Male,France
106,Lainey,Sheircliffe,lsheircliffe2x@theguardian.com,Female,Indonesia
107,Townie,Tremoulet,ttremoulet2y@mail.ru,Male,Nigeria
108,Conchita,Corish,ccorish2z@fema.gov,Female,Russia
109,Inger,Inns,iinns30@vistaprint.com,Female,Argentina
110,Caria,Gascoyne,cgascoyne31@rediff.com,Female,Pakistan
111,Kylynn,Spleving,kspleving32@aboutads.info,Female,Indonesia
112,Yoko,Ivamy,yivamy33@amazon.de,Female,China
113,Ervin,Davern,edavern34@noaa.gov,Male,Albania
114,Olia,de Copeman,odecopeman35@boston.com,Female,Saudi Arabia
115,Jermaine,Portch,jportch36@spiegel.de,Male,Macedonia
116,Dina,Matussov,dmatussov37@google.cn,Female,Greece
117,Valery,Muccino,vmuccino38@mapquest.com,Female,Poland
118,Annmaria,Pardey,apardey39@mysql.com,Female,Czech Republic
119,Waverley,Hatcliffe,whatcliffe3a@reuters.com,Male,Indonesia
120,Maddy,Coulthart,mcoulthart3b@xinhuanet.com,Male,China
121,Ira,Welford,iwelford3c@flickr.com,Male,Russia
122,Charley,Martinello,cmartinello3d@cafepress.com,Male,Canada
123,Candice,Bentzen,cbentzen3e@umn.edu,Female,Indonesia
124,Ara,Neal,aneal3f@smh.com.au,Male,Russia
125,Xenia,Assad,xassad3g@ycombinator.com,Female,Venezuela
126,Clare,Kettlesting,ckettlesting3h@umn.edu,Male,Philippines
127,Alexandrina,Elce,aelce3i@sourceforge.net,Female,China
128,Michel,Ouchterlony,mouchterlony3j@baidu.com,Female,Indonesia
129,Ward,Bohden,wbohden3k@google.com.hk,Male,China
130,Saul,Aaronsohn,saaronsohn3l@dyndns.org,Male,China
131,Klarrisa,Martynov,kmartynov3m@who.int,Female,Peru
132,Rasia,Tucknott,rtucknott3n@symantec.com,Female,Nigeria
133,Fraser,Buckberry,fbuckberry3o@gmpg.org,Male,China
134,Clyve,Hulk,chulk3p@oaic.gov.au,Male,Brazil
135,Bree,Treacher,btreacher3q@cmu.edu,Female,China
136,Sher,Dilkes,sdilkes3r@cdc.gov,Female,Portugal
137,Reinaldos,Fields,rfields3s@arstechnica.com,Male,Russia
138,Eal,Philippet,ephilippet3t@hatena.ne.jp,Male,Bulgaria
139,Tiffani,Barense,tbarense3u@51.la,Female,Russia
140,Matelda,People,mpeople3v@simplemachines.org,Female,China
141,Bendix,Everson,beverson3w@angelfire.com,Male,Sweden
142,Ev,Fosse,efosse3x@msu.edu,Male,China
143,Rodney,Saffin,rsaffin3y@baidu.com,Male,Poland
144,Sigismondo,Rizzi,srizzi3z@nature.com,Male,Belarus
145,Carmelina,Fernandes,cfernandes40@addthis.com,Female,China
146,Cassaundra,Marcum,cmarcum41@slashdot.org,Female,Greece
147,Seumas,Dooler,sdooler42@people.com.cn,Male,Indonesia
148,Jabez,Hartill,jhartill43@tiny.cc,Male,China
149,Cristina,Gregorace,cgregorace44@bravesites.com,Female,Russia
150,Arleta,Heibel,aheibel45@cpanel.net,Female,Indonesia
151,Sinclare,Stackbridge,sstackbridge46@cbsnews.com,Male,Croatia
152,Alica,Simes,asimes47@eepurl.com,Female,China
153,Clywd,Symper,csymper48@google.pl,Male,Indonesia
154,Tally,Cassely,tcassely49@umich.edu,Male,Belarus
155,Sidonia,Pagel,spagel4a@myspace.com,Female,Uzbekistan
156,Vincenty,Plascott,vplascott4b@tamu.edu,Male,Ukraine
157,Giulio,Raiston,graiston4c@jimdo.com,Male,China
158,Amos,Wheelhouse,awheelhouse4d@netvibes.com,Male,Indonesia
159,Theresa,Meysham,tmeysham4e@si.edu,Female,France
160,Dori,Le Grice,dlegrice4f@imageshack.us,Female,Indonesia
161,Ring,Lahiff,rlahiff4g@dell.com,Male,Yemen
162,Charla,Douglas,cdouglas4h@google.co.jp,Female,Poland
163,Jacqueline,Hof,jhof4i@cocolog-nifty.com,Female,Russia
164,Melinda,Deverale,mdeverale4j@hibu.com,Female,Indonesia
165,Robbert,Natalie,rnatalie4k@earthlink.net,Male,Indonesia
166,Quillan,Sellan,qsellan4l@creativecommons.org,Male,Japan
167,Bevvy,Allred,ballred4m@surveymonkey.com,Female,Indonesia
168,Tybalt,Hayford,thayford4n@sohu.com,Male,China
169,Amargo,Renfrew,arenfrew4o@miitbeian.gov.cn,Female,Philippines
170,Gipsy,Swiffin,gswiffin4p@ning.com,Female,Poland
171,Catina,Yesenin,cyesenin4q@whitehouse.gov,Female,Brazil
172,Nixie,Trulocke,ntrulocke4r@digg.com,Female,Poland
173,Claire,Edgeon,cedgeon4s@umich.edu,Male,Russia
174,Tildi,Cornilleau,tcornilleau4t@123-reg.co.uk,Female,Honduras
175,Mariann,MacAless,mmacaless4u@fastcompany.com,Female,Malaysia
176,Gavan,Gillet,ggillet4v@blinklist.com,Male,Bahrain
177,Jeri,Briars,jbriars4w@istockphoto.com,Female,Russia
178,Quillan,Tremayne,qtremayne4x@comsenz.com,Male,Canada
179,Claus,Grute,cgrute4y@studiopress.com,Male,Kazakhstan
180,Yvette,Leetham,yleetham4z@un.org,Female,Russia
181,Gilbertine,Aggott,gaggott50@unicef.org,Female,United States
182,Salvidor,Gypps,sgypps51@theglobeandmail.com,Male,China
183,Jenica,Mosdill,jmosdill52@dedecms.com,Female,France
184,Sandi,Hawkin,shawkin53@arizona.edu,Female,Finland
185,Julee,Keld,jkeld54@zimbio.com,Female,Serbia
186,Seth,Elmhirst,selmhirst55@artisteer.com,Male,Ukraine
187,Wayland,Lockett,wlockett56@nyu.edu,Male,Russia
188,Georg,Mitchel,gmitchel57@wisc.edu,Male,Sweden
189,Marylee,Duprey,mduprey58@slashdot.org,Female,Albania
190,Alanah,Jerrome,ajerrome59@cisco.com,Female,Czech Republic
191,Harland,Agott,hagott5a@tinyurl.com,Male,Finland
192,Thorsten,Sharpling,tsharpling5b@nhs.uk,Male,China
193,Jodie,Noe,jnoe5c@ow.ly,Male,Thailand
194,Coletta,Hurren,churren5d@hc360.com,Female,Portugal
195,Marijn,Lievesley,mlievesley5e@theatlantic.com,Male,Poland
196,Junette,Blakeborough,jblakeborough5f@163.com,Female,Ukraine
197,Phylis,Tomaskov,ptomaskov5g@soup.io,Female,Mali
198,Lynnea,Daintith,ldaintith5h@mtv.com,Female,Micronesia
199,Connie,MacKey,cmackey5i@mozilla.org,Male,China
200,Dell,Vasyutin,dvasyutin5j@so-net.ne.jp,Female,China
201,Didi,Purkins,dpurkins5k@bing.com,Female,Colombia
202,Iris,Vasse,ivasse5l@reddit.com,Female,Nigeria
203,Randall,Domegan,rdomegan5m@yahoo.com,Male,Germany
204,Bevon,Roles,broles5n@blog.com,Male,Indonesia
205,Ricki,Godmer,rgodmer5o@slideshare.net,Male,Czech Republic
206,Renelle,Monni,rmonni5p@scientificamerican.com,Female,Russia
207,Aimee,Capun,acapun5q@newsvine.com,Female,Japan
208,Mill,Kestin,mkestin5r@wufoo.com,Male,Czech Republic
209,Brigham,Dracey,bdracey5s@biglobe.ne.jp,Male,Indonesia
210,Brad,Birdsall,bbirdsall5t@illinois.edu,Male,Philippines
211,Roberto,Cattanach,rcattanach5u@geocities.jp,Male,Philippines
212,Loretta,Hartil,lhartil5v@google.it,Female,Philippines
213,Margaux,Beekmann,mbeekmann5w@arstechnica.com,Female,Thailand
214,Em,Dudderidge,edudderidge5x@purevolume.com,Male,Rwanda
215,Barth,Allkins,ballkins5y@vinaora.com,Male,Yemen
216,Rodrigo,Effaunt,reffaunt5z@yahoo.com,Male,Slovenia
217,Jasmin,Hearnden,jhearnden60@goodreads.com,Female,China
218,Hadlee,Bretherick,hbretherick61@dell.com,Male,Poland
219,Othilie,Chezelle,ochezelle62@unblog.fr,Female,Thailand
220,Dorelia,Bouzek,dbouzek63@flavors.me,Female,Brazil
221,Dilan,Gilchrest,dgilchrest64@geocities.com,Male,China
222,Sophie,Richten,srichten65@cdbaby.com,Female,China
223,Ambrosio,Lowis,alowis66@hatena.ne.jp,Male,Russia
224,Vincenty,Chene,vchene67@opensource.org,Male,France
225,Hamlen,Stefi,hstefi68@wikipedia.org,Male,Indonesia
226,Victor,Cowthard,vcowthard69@bing.com,Male,China
227,Aleece,McManamen,amcmanamen6a@posterous.com,Female,Greece
228,Drusy,MacCrachen,dmaccrachen6b@about.com,Female,Indonesia
229,Michaelina,Manginot,mmanginot6c@prnewswire.com,Female,Peru
230,Cassi,Suttill,csuttill6d@jiathis.com,Female,France
231,Verina,Demetr,vdemetr6e@oracle.com,Female,China
232,Thaxter,Taft,ttaft6f@vkontakte.ru,Male,Thailand
233,Bee,Ducker,bducker6g@hao123.com,Female,Philippines
234,Amity,Whissell,awhissell6h@cmu.edu,Female,Ukraine
235,Pearce,Cervantes,pcervantes6i@nifty.com,Male,China
236,Tonye,Hughes,thughes6j@bluehost.com,Female,China
237,Maiga,Beasant,mbeasant6k@opensource.org,Female,China
238,Silvain,Poluzzi,spoluzzi6l@aol.com,Male,Yemen
239,Moyna,Peachment,mpeachment6m@quantcast.com,Female,Greece
240,Lorette,Caldron,lcaldron6n@wikia.com,Female,Honduras
241,Grantley,McMeeking,gmcmeeking6o@indiatimes.com,Male,China
242,Scotti,Ranaghan,sranaghan6p@nationalgeographic.com,Male,Indonesia
243,Cobb,Deer,cdeer6q@slate.com,Male,China
244,Monique,Fishby,mfishby6r@boston.com,Female,Indonesia
245,Emelia,Atchly,eatchly6s@networksolutions.com,Female,China
246,Eamon,Welfare,ewelfare6t@google.com.au,Male,Serbia
247,Clayson,Hinze,chinze6u@altervista.org,Male,Germany
248,Libbey,Wolfendell,lwolfendell6v@admin.ch,Female,Puerto Rico
249,Dal,Suffe,dsuffe6w@themeforest.net,Male,China
250,Emogene,Heardman,eheardman6x@narod.ru,Female,Vietnam
251,Hamil,Powder,hpowder6y@people.com.cn,Male,Ukraine
252,Lucretia,Ilyasov,lilyasov6z@aboutads.info,Female,Serbia
253,Nikola,Lambden,nlambden70@wikispaces.com,Male,American Samoa
254,Beryl,Bulbrook,bbulbrook71@elpais.com,Female,Malaysia
255,Wiley,Baybutt,wbaybutt72@hp.com,Male,Tajikistan
256,Laurent,Brookson,lbrookson73@newyorker.com,Male,North Korea
257,Tracie,John,tjohn74@nih.gov,Male,China
258,Odele,Corradengo,ocorradengo75@europa.eu,Female,Russia
259,Leonidas,Serotsky,lserotsky76@discovery.com,Male,Sweden
260,Wilona,Giron,wgiron77@harvard.edu,Female,China
261,Archaimbaud,Ayshford,aayshford78@china.com.cn,Male,France
262,Waite,Collinwood,wcollinwood79@prlog.org,Male,Finland
263,Gaile,Lewry,glewry7a@artisteer.com,Male,Philippines
264,Emmalee,Dallow,edallow7b@newsvine.com,Female,Thailand
265,Phaedra,Nevinson,pnevinson7c@mtv.com,Female,China
266,Alena,Eldritt,aeldritt7d@pinterest.com,Female,Indonesia
267,Crista,Yatman,cyatman7e@oaic.gov.au,Female,China
268,Leonanie,Mullineux,lmullineux7f@virginia.edu,Female,Sweden
269,Sibyl,Graeser,sgraeser7g@opera.com,Female,Palestinian Territory
270,Cristine,Ezele,cezele7h@exblog.jp,Female,Canada
271,Brenn,Malia,bmalia7i@comsenz.com,Female,Spain
272,Dorine,MacAree,dmacaree7j@ed.gov,Female,Portugal
273,Glynis,Harfoot,gharfoot7k@hc360.com,Female,China
274,Garrard,Doogan,gdoogan7l@tamu.edu,Male,Vietnam
275,Etta,Lait,elait7m@nbcnews.com,Female,Indonesia
276,Ivett,Wulfinger,iwulfinger7n@nytimes.com,Female,China
277,Rodger,Bescoby,rbescoby7o@mashable.com,Male,Norway
278,Adina,Tures,atures7p@over-blog.com,Female,China
279,Vallie,Kedie,vkedie7q@reference.com,Female,Poland
280,Karrah,Meachem,kmeachem7r@chron.com,Female,Yemen
281,Rozella,Edmund,redmund7s@google.ru,Female,China
282,Barris,Blasl,bblasl7t@paginegialle.it,Male,Indonesia
283,Milo,Alcoran,malcoran7u@bandcamp.com,Male,China
284,Rickey,Airth,rairth7v@sourceforge.net,Male,Moldova
285,Marcos,Eloi,meloi7w@google.it,Male,Philippines
286,Kirby,Swafford,kswafford7x@illinois.edu,Male,Syria
287,Archibald,Clissold,aclissold7y@biglobe.ne.jp,Male,Serbia
288,Norene,Wheble,nwheble7z@blogger.com,Female,Canada
289,Reade,Chapelle,rchapelle80@spiegel.de,Male,Vietnam
290,Marcela,Le land,mleland81@marriott.com,Female,Indonesia
291,Thorvald,Esgate,tesgate82@bing.com,Male,New Zealand
292,Deirdre,Dobrowlski,ddobrowlski83@blog.com,Female,China
293,Mendel,Lotte,mlotte84@yahoo.com,Male,Moldova
294,Amandi,Galia,agalia85@columbia.edu,Female,Egypt
295,Francoise,Gajownik,fgajownik86@pcworld.com,Female,Nigeria
296,Willi,Regus,wregus87@nhs.uk,Female,Haiti
297,Mitchell,Holtham,mholtham88@goodreads.com,Male,Philippines
298,Celinda,Wattinham,cwattinham89@admin.ch,Female,Brazil
299,Nonah,Kane,nkane8a@noaa.gov,Female,China
300,Jdavie,Ditchfield,jditchfield8b@java.com,Male,Antigua and Barbuda
301,Erl,Florey,eflorey8c@jigsy.com,Male,France
302,Shurlock,Jamary,sjamary8d@census.gov,Male,Poland
303,Rafaela,Robbey,rrobbey8e@nba.com,Female,Poland
304,Violet,Vreede,vvreede8f@sciencedaily.com,Female,Japan
305,Trixie,Frean,tfrean8g@apple.com,Female,France
306,Aleda,Ribou,aribou8h@ning.com,Female,Latvia
307,Lisetta,Stubbin,lstubbin8i@earthlink.net,Female,Philippines
308,Delinda,Siemens,dsiemens8j@who.int,Female,Bosnia and Herzegovina
309,Philippine,Gehrtz,pgehrtz8k@state.gov,Female,Philippines
310,Reamonn,Dommersen,rdommersen8l@wired.com,Male,Philippines
311,Arty,Gowling,agowling8m@slideshare.net,Male,Indonesia
312,Romola,Brotherhed,rbrotherhed8n@skyrock.com,Female,Morocco
313,Katy,Geibel,kgeibel8o@ning.com,Female,Indonesia
314,Augustine,Worthing,aworthing8p@shutterfly.com,Female,Estonia
315,Beverie,Bubeer,bbubeer8q@twitter.com,Female,North Korea
316,Aleen,Lafford,alafford8r@moonfruit.com,Female,France
317,Rufus,Chapelhow,rchapelhow8s@yelp.com,Male,Poland
318,Viva,Goulstone,vgoulstone8t@studiopress.com,Female,Brazil
319,Peder,Vaissiere,pvaissiere8u@sohu.com,Male,Mexico
320,Blanch,Challenger,bchallenger8v@samsung.com,Female,China
321,Zola,Oxbury,zoxbury8w@wix.com,Female,Mexico
322,Alexei,Valler,avaller8x@house.gov,Male,China
323,Boot,Scotting,bscotting8y@cnn.com,Male,Czech Republic
324,Nana,Kenealy,nkenealy8z@reuters.com,Female,China
325,Christan,Moggle,cmoggle90@ameblo.jp,Female,China
326,Biron,Ibarra,bibarra91@army.mil,Male,Peru
327,Amata,Warkup,awarkup92@surveymonkey.com,Female,Philippines
328,Purcell,Blay,pblay93@hhs.gov,Male,Norway
329,Sigismond,Britner,sbritner94@hostgator.com,Male,Israel
330,Pauletta,Izzat,pizzat95@php.net,Female,China
331,Jorey,Childe,jchilde96@marriott.com,Female,Thailand
332,Cassy,Baddiley,cbaddiley97@twitter.com,Female,China
333,Huntley,Plowright,hplowright98@dailymail.co.uk,Male,Philippines
334,Claudelle,Drakes,cdrakes99@ihg.com,Female,Serbia
335,Friedrich,Cornehl,fcornehl9a@slate.com,Male,Indonesia
336,Eugenia,Swaffield,eswaffield9b@people.com.cn,Female,Haiti
337,Susanetta,McVitie,smcvitie9c@google.ru,Female,China
338,Mervin,Tesche,mtesche9d@ca.gov,Male,China
339,Sheilah,Grigoroni,sgrigoroni9e@dell.com,Female,Uzbekistan
340,Jenelle,Greguoli,jgreguoli9f@soundcloud.com,Female,China
341,Karlyn,Collett,kcollett9g@wikimedia.org,Female,Indonesia
342,Matthew,O'Glassane,moglassane9h@comcast.net,Male,Indonesia
343,Chris,Rollason,crollason9i@vistaprint.com,Male,China
344,Beniamino,Trevains,btrevains9j@meetup.com,Male,Brazil
345,Sarge,Campey,scampey9k@uol.com.br,Male,Bulgaria
346,Tammy,Adlard,tadlard9l@dagondesign.com,Female,Portugal
347,Kath,Wincom,kwincom9m@japanpost.jp,Female,Indonesia
348,Audry,Attaway,aattaway9n@virginia.edu,Female,Poland
349,Ettie,Marousek,emarousek9o@sbwire.com,Female,Indonesia
350,Heriberto,Labbati,hlabbati9p@independent.co.uk,Male,Brazil
351,Perl,Rickarsey,prickarsey9q@vkontakte.ru,Female,Peru
352,Cullin,Gartland,cgartland9r@theguardian.com,Male,Kazakhstan
353,Orland,Inskipp,oinskipp9s@desdev.cn,Male,Nepal
354,Jaquelin,Annand,jannand9t@pinterest.com,Female,Indonesia
355,Chrissy,Pays,cpays9u@sfgate.com,Female,China
356,Cheryl,Ratray,cratray9v@ebay.co.uk,Female,Colombia
357,Fiann,Ronci,fronci9w@army.mil,Female,China
358,Ursala,Yakobovicz,uyakobovicz9x@nationalgeographic.com,Female,Colombia
359,Bertram,Dunaway,bdunaway9y@zimbio.com,Male,Czech Republic
360,Tova,Banbury,tbanbury9z@tumblr.com,Female,Honduras
361,Wenona,Falkingham,wfalkinghama0@booking.com,Female,South Sudan
362,Una,Jewson,ujewsona1@va.gov,Female,China
363,Adams,Jumeau,ajumeaua2@moonfruit.com,Male,Portugal
364,Gerri,Stonall,gstonalla3@imdb.com,Female,Japan
365,Sylas,Medforth,smedfortha4@chronoengine.com,Male,France
366,Marwin,MacCard,mmaccarda5@guardian.co.uk,Male,Russia
367,Leighton,Oboy,loboya6@w3.org,Male,Costa Rica
368,Leona,Wilderspoon,lwilderspoona7@163.com,Female,Seychelles
369,Tally,Potkins,tpotkinsa8@economist.com,Male,China
370,Bentley,Buckleigh,bbuckleigha9@bbb.org,Male,Indonesia
371,Benn,Belchambers,bbelchambersaa@webmd.com,Male,Czech Republic
372,Elita,Lanchester,elanchesterab@bandcamp.com,Female,Ukraine
373,Lacie,Doey,ldoeyac@comcast.net,Female,Moldova
374,Gaby,Suffe,gsuffead@cpanel.net,Female,Indonesia
375,Dorry,Righy,drighyae@vistaprint.com,Female,Bulgaria
376,Gannie,Hynes,ghynesaf@imageshack.us,Male,Indonesia
377,Rakel,Richarson,rricharsonag@cyberchimps.com,Female,Portugal
378,Georgetta,Chippindale,gchippindaleah@networkadvertising.org,Female,Georgia
379,Clarey,Hinckes,chinckesai@oaic.gov.au,Female,Brazil
380,Carmelia,Reina,creinaaj@usatoday.com,Female,Russia
381,Kyle,Willowby,kwillowbyak@surveymonkey.com,Female,Indonesia
382,Trisha,Hubbucke,thubbuckeal@wisc.edu,Female,Indonesia
383,Alistair,Cowdrey,acowdreyam@blogtalkradio.com,Male,China
384,Angel,Jablonski,ajablonskian@godaddy.com,Male,Uruguay
385,Freeman,Edwicker,fedwickerao@wordpress.org,Male,United States
386,Boot,Boldecke,bboldeckeap@eventbrite.com,Male,Latvia
387,Dorena,Gibson,dgibsonaq@geocities.com,Female,China
388,Faustine,Graeme,fgraemear@gravatar.com,Female,Finland
389,Myrvyn,Oldnall,moldnallas@chron.com,Male,Indonesia
390,Inge,Paver,ipaverat@qq.com,Female,Ukraine
391,Malcolm,Bodimeade,mbodimeadeau@feedburner.com,Male,Egypt
392,Davita,Woolvett,dwoolvettav@goo.ne.jp,Female,China
393,Angelle,Motte,amotteaw@reverbnation.com,Female,United States
394,Cori,Hebblewaite,chebblewaiteax@ehow.com,Male,Russia
395,Herbert,Punt,hpuntay@ow.ly,Male,Niger
396,Tracie,Sallowaye,tsallowayeaz@vimeo.com,Female,Tajikistan
397,Rachelle,Carlsen,rcarlsenb0@boston.com,Female,Greece
398,Hanny,Shepherd,hshepherdb1@archive.org,Female,France
399,Melina,Ledwitch,mledwitchb2@4shared.com,Female,Indonesia
400,Hayward,Curwen,hcurwenb3@miibeian.gov.cn,Male,South Africa
401,Dorette,Endecott,dendecottb4@squidoo.com,Female,China
402,Shana,Treat,streatb5@baidu.com,Female,China
403,Egor,Woffinden,ewoffindenb6@independent.co.uk,Male,Brazil
404,Florella,Shaw,fshawb7@bing.com,Female,China
405,Marcy,Jenteau,mjenteaub8@amazon.co.uk,Female,Panama
406,Anton,Dodimead,adodimeadb9@hugedomains.com,Male,China
407,Elvis,Baskeyfield,ebaskeyfieldba@shutterfly.com,Male,China
408,Fanchon,Whitebread,fwhitebreadbb@drupal.org,Female,Pakistan
409,Alvin,Copner,acopnerbc@bloglovin.com,Male,Honduras
410,Salvatore,Siburn,ssiburnbd@drupal.org,Male,Bolivia
411,Alberta,Malins,amalinsbe@altervista.org,Female,Czech Republic
412,Locke,Wintersgill,lwintersgillbf@indiegogo.com,Male,Philippines
413,Ashlee,MacTeggart,amacteggartbg@imageshack.us,Female,China
414,Lamar,Georgeson,lgeorgesonbh@tmall.com,Male,Russia
415,Adair,Rumming,arummingbi@forbes.com,Male,Indonesia
416,Brockie,Roakes,broakesbj@dion.ne.jp,Male,Philippines
417,Cinnamon,Doel,cdoelbk@godaddy.com,Female,Indonesia
418,Audrey,Meininking,ameininkingbl@domainmarket.com,Female,Colombia
419,Cullie,Hutcheons,chutcheonsbm@fema.gov,Male,Croatia
420,Winny,Thayre,wthayrebn@ow.ly,Male,Nigeria
421,Marchelle,Stimson,mstimsonbo@homestead.com,Female,Indonesia
422,Rycca,Peacher,rpeacherbp@hugedomains.com,Female,Guatemala
423,Chickie,Challoner,cchallonerbq@alibaba.com,Female,Argentina
424,Dell,Knatt,dknattbr@g.co,Male,Indonesia
425,Hamel,Pietron,hpietronbs@economist.com,Male,Philippines
426,Kelbee,Molyneaux,kmolyneauxbt@prlog.org,Male,Czech Republic
427,Carlota,Mease,cmeasebu@blog.com,Female,Bolivia
428,Austina,Chalke,achalkebv@drupal.org,Female,China
429,Benji,Spurden,bspurdenbw@boston.com,Male,Mexico
430,Lutero,Currell,lcurrellbx@squidoo.com,Male,Russia
431,Norrie,Rosendale,nrosendaleby@baidu.com,Male,Guinea
432,Jayne,Wickendon,jwickendonbz@google.co.uk,Female,China
433,Agnes,Burnup,aburnupc0@oaic.gov.au,Female,Canada
434,Bone,Hapgood,bhapgoodc1@phpbb.com,Male,Philippines
435,Gloria,Huggins,ghugginsc2@unesco.org,Female,Philippines
436,Brandon,Kernoghan,bkernoghanc3@wufoo.com,Male,Jordan
437,Harriott,Charlet,hcharletc4@unesco.org,Female,Lesotho
438,Pate,Radband,pradbandc5@blinklist.com,Male,Indonesia
439,Marlo,Waszkiewicz,mwaszkiewiczc6@latimes.com,Male,Iraq
440,Zarla,Mylan,zmylanc7@macromedia.com,Female,Russia
441,Salvidor,Hylden,shyldenc8@merriam-webster.com,Male,Armenia
442,Siobhan,Kirdsch,skirdschc9@vistaprint.com,Female,Poland
443,Rolf,Kissick,rkissickca@senate.gov,Male,China
444,Westbrook,Andreacci,wandreaccicb@spiegel.de,Male,United States
445,Casie,Purselowe,cpurselowecc@msu.edu,Female,Philippines
446,Iggy,Jago,ijagocd@google.com,Male,France
447,Alf,Lukash,alukashce@springer.com,Male,Belarus
448,Tades,Rodgman,trodgmancf@mysql.com,Male,Sweden
449,Vasili,"Willsmore,",vwillsmorecg@fema.gov,Male,France
450,Garey,Talboy,gtalboych@livejournal.com,Male,Sweden
451,Darell,Loxly,dloxlyci@smugmug.com,Female,Sweden
452,Gerald,Cettell,gcettellcj@booking.com,Male,Indonesia
453,Reinaldos,Gulley,rgulleyck@cam.ac.uk,Male,Moldova
454,Justine,Mallock,jmallockcl@reverbnation.com,Female,China
455,Lizabeth,Gussin,lgussincm@usatoday.com,Female,France
456,Damien,Sanches,dsanchescn@ca.gov,Male,Tanzania
457,Gilly,Gudgin,ggudginco@skyrock.com,Female,Netherlands
458,Carlye,Emanuele,cemanuelecp@odnoklassniki.ru,Female,France
459,Bryana,Cardillo,bcardillocq@prlog.org,Female,Nigeria
460,Ricca,Aitken,raitkencr@psu.edu,Female,China
461,Nester,Abrahmson,nabrahmsoncs@blogger.com,Male,United States
462,Arv,Gothard,agothardct@com.com,Male,Ecuador
463,Sibley,Geary,sgearycu@nationalgeographic.com,Female,China
464,Tess,Bartalot,tbartalotcv@unesco.org,Female,Indonesia
465,Christye,Caroll,ccarollcw@oakley.com,Female,Brazil
466,Vincents,Carlyon,vcarlyoncx@wordpress.org,Male,Thailand
467,Benjie,MacLese,bmaclesecy@china.com.cn,Male,Philippines
468,Danny,Bulstrode,dbulstrodecz@noaa.gov,Female,Philippines
469,Kori,Timson,ktimsond0@exblog.jp,Female,China
470,Bethany,Littledyke,blittledyked1@businesswire.com,Female,Yemen
471,Benedick,Scaysbrook,bscaysbrookd2@nsw.gov.au,Male,China
472,Cathie,Torregiani,ctorregianid3@gizmodo.com,Female,Norway
473,Raphael,Guyet,rguyetd4@nytimes.com,Male,Czech Republic
474,Simonette,Bullard,sbullardd5@uiuc.edu,Female,China
475,Hinze,Wilks,hwilksd6@plala.or.jp,Male,Marshall Islands
476,Perkin,Leuty,pleutyd7@macromedia.com,Male,Brazil
477,Benny,Kenealy,bkenealyd8@acquirethisname.com,Male,Belarus
478,Gerhard,Yonge,gyonged9@themeforest.net,Male,Malaysia
479,Annette,Swaine,aswaineda@tripod.com,Female,Brazil
480,Arlette,Endrici,aendricidb@latimes.com,Female,Venezuela
481,Jacquetta,Kolyagin,jkolyagindc@sina.com.cn,Female,France
482,Lombard,Hubane,lhubanedd@pagesperso-orange.fr,Male,Mongolia
483,Nona,Oswick,noswickde@uiuc.edu,Female,South Korea
484,Wyatan,Dewdney,wdewdneydf@a8.net,Male,Poland
485,Bryce,Joist,bjoistdg@zimbio.com,Male,Russia
486,Marv,Dyment,mdymentdh@123-reg.co.uk,Male,Japan
487,Linnell,Razoux,lrazouxdi@ovh.net,Female,France
488,Hazel,Fairpool,hfairpooldj@pen.io,Male,Canada
489,Druci,Yitshak,dyitshakdk@sciencedaily.com,Female,Serbia
490,Lonee,Kubica,lkubicadl@infoseek.co.jp,Female,China
491,Bev,Dilston,bdilstondm@usgs.gov,Male,Ukraine
492,Gipsy,Coleford,gcoleforddn@bbb.org,Female,United States
493,Nestor,Rojahn,nrojahndo@webmd.com,Male,China
494,Harv,Davydochkin,hdavydochkindp@yellowpages.com,Male,Dominican Republic
495,Rowe,Antosch,rantoschdq@wordpress.com,Female,Indonesia
496,Catherina,Treacher,ctreacherdr@usgs.gov,Female,Sweden
497,Maressa,McDavitt,mmcdavittds@cbsnews.com,Female,Indonesia
498,Desirae,Goldsbrough,dgoldsbroughdt@mapy.cz,Female,Philippines
499,Anabella,Gaymer,agaymerdu@springer.com,Female,Sweden
500,Sayers,Yukhov,syukhovdv@mail.ru,Male,China
501,Edmon,De Biaggi,edebiaggidw@a8.net,Male,Peru
502,Iolande,Neising,ineisingdx@cdbaby.com,Female,South Korea
503,Victor,Totaro,vtotarody@booking.com,Male,Colombia
504,Leoine,Loughan,lloughandz@npr.org,Female,Indonesia
505,Caz,Strugnell,cstrugnelle0@bravesites.com,Male,Philippines
506,Bar,Goreway,bgorewaye1@gov.uk,Male,Indonesia
507,Ambur,Spearman,aspearmane2@yahoo.com,Female,China
508,Petronia,Cromly,pcromlye3@amazon.com,Female,Indonesia
509,Sabra,Shuttlewood,sshuttlewoode4@unblog.fr,Female,Thailand
510,Elroy,Milby,emilbye5@bbb.org,Male,Indonesia
511,Karol,Adess,kadesse6@examiner.com,Female,China
512,Fredia,Barrowcliff,fbarrowcliffe7@boston.com,Female,Mexico
513,Maegan,Tattoo,mtattooe8@about.com,Female,Panama
514,Dawna,Di Biaggi,ddibiaggie9@parallels.com,Female,China
515,Binky,Coldbath,bcoldbathea@chicagotribune.com,Male,Portugal
516,Thia,Yearne,tyearneeb@nymag.com,Female,Brazil
517,Billy,Buxcey,bbuxceyec@free.fr,Female,Croatia
518,Rici,Mongenot,rmongenoted@exblog.jp,Female,China
519,Chrissy,McGeagh,cmcgeaghee@ehow.com,Female,Japan
520,Nedi,Ismail,nismailef@cyberchimps.com,Female,China
521,Windham,Ewell,wewelleg@epa.gov,Male,Russia
522,Venita,Vanderplas,vvanderplaseh@umn.edu,Female,Colombia
523,Sheila,Petrovsky,spetrovskyei@flickr.com,Female,China
524,Coop,Teare,cteareej@typepad.com,Male,Colombia
525,Erinn,Blas,eblasek@t-online.de,Female,Brazil
526,Vale,Stillwell,vstillwellel@shutterfly.com,Female,Malaysia
527,Zane,Odo,zodoem@usa.gov,Male,Indonesia
528,Ambros,Dovermann,adovermannen@hp.com,Male,Brazil
529,Shirlee,Geertje,sgeertjeeo@sfgate.com,Female,Bangladesh
530,Dalis,Ryce,dryceep@printfriendly.com,Male,Brazil
531,Odie,Magister,omagistereq@google.de,Male,Indonesia
532,Giff,MacLucais,gmaclucaiser@ning.com,Male,Indonesia
533,Tate,Kobiera,tkobieraes@so-net.ne.jp,Male,Poland
534,Peder,Glanz,pglanzet@cloudflare.com,Male,Germany
535,Barnie,Node,bnodeeu@chronoengine.com,Male,Bosnia and Herzegovina
536,Linette,Freyn,lfreynev@tuttocitta.it,Female,China
537,Tabina,Downer,tdownerew@tripod.com,Female,Iceland
538,Kenna,Dixon,kdixonex@archive.org,Female,Sweden
539,Crin,Van Arsdale,cvanarsdaleey@ca.gov,Female,China
540,Chrisse,MacCarroll,cmaccarrollez@xing.com,Male,Philippines
541,Dorian,Trunby,dtrunbyf0@boston.com,Female,China
542,Templeton,Sibthorpe,tsibthorpef1@opera.com,Male,Russia
543,Querida,Snailham,qsnailhamf2@usatoday.com,Female,China
544,Kerrie,McKea,kmckeaf3@constantcontact.com,Female,Ireland
545,Leroi,Goaley,lgoaleyf4@ning.com,Male,Brazil
546,Lyndy,Cutteridge,lcutteridgef5@census.gov,Female,Botswana
547,Averyl,De Matteis,adematteisf6@flickr.com,Female,Indonesia
548,Poul,Gatecliffe,pgatecliffef7@senate.gov,Male,Thailand
549,Leeland,Oxnam,loxnamf8@storify.com,Male,Philippines
550,Erika,Denyer,edenyerf9@alexa.com,Female,Philippines
551,Gerrilee,Dennehy,gdennehyfa@ustream.tv,Female,Croatia
552,Orren,Helm,ohelmfb@edublogs.org,Male,Brazil
553,Aliza,Sekulla,asekullafc@rediff.com,Female,Venezuela
554,Monah,Cosgreave,mcosgreavefd@google.com.hk,Female,Brazil
555,Aldin,Guidetti,aguidettife@trellian.com,Male,Venezuela
556,Hugibert,Aglione,haglioneff@phpbb.com,Male,Indonesia
557,Morgen,Snasdell,msnasdellfg@ebay.com,Female,Indonesia
558,Brock,Seelbach,bseelbachfh@guardian.co.uk,Male,Brazil
559,Lynda,Hobben,lhobbenfi@comsenz.com,Female,China
560,Jobie,Farquar,jfarquarfj@tiny.cc,Female,Iraq
561,Betti,Gittins,bgittinsfk@printfriendly.com,Female,Czech Republic
562,Melony,Le - Count,mlecountfl@foxnews.com,Female,Ukraine
563,Desmond,Goldston,dgoldstonfm@earthlink.net,Male,Indonesia
564,Audrey,Budgeon,abudgeonfn@miitbeian.gov.cn,Female,Malaysia
565,Drusy,Culleford,dcullefordfo@dailymotion.com,Female,Japan
566,Marven,Sandcraft,msandcraftfp@dailymotion.com,Male,China
567,Jacquelyn,Hunstone,jhunstonefq@a8.net,Female,Philippines
568,Link,Reisenstein,lreisensteinfr@e-recht24.de,Male,Estonia
569,Rustie,Clampe,rclampefs@constantcontact.com,Male,Indonesia
570,Stace,Bonney,sbonneyft@answers.com,Female,Poland
571,Waiter,Meran,wmeranfu@wired.com,Male,Indonesia
572,Dodi,Brose,dbrosefv@smh.com.au,Female,Brazil
573,Jammie,Toffaloni,jtoffalonifw@so-net.ne.jp,Female,Sweden
574,Sam,Mortel,smortelfx@whitehouse.gov,Male,China
575,Arliene,Neave,aneavefy@soundcloud.com,Female,China
576,Rosalia,Dengate,rdengatefz@delicious.com,Female,Russia
577,Briney,Slesser,bslesserg0@a8.net,Female,France
578,Olav,Yushankin,oyushanking1@zimbio.com,Male,Greece
579,Margi,Boich,mboichg2@jiathis.com,Female,Mexico
580,Ferrell,Hillhouse,fhillhouseg3@google.fr,Male,Russia
581,Nickolas,Dillingham,ndillinghamg4@nymag.com,Male,Tanzania
582,Oswald,Jirzik,ojirzikg5@list-manage.com,Male,France
583,Gerta,Chazette,gchazetteg6@gizmodo.com,Female,Brazil
584,Siana,Flatte,sflatteg7@ihg.com,Female,Indonesia
585,Gardener,Shepheard,gshepheardg8@123-reg.co.uk,Male,China
586,Ferrell,Maggorini,fmaggorinig9@wikispaces.com,Male,Poland
587,Stepha,Feasley,sfeasleyga@storify.com,Female,Jordan
588,Bernadine,Luckwell,bluckwellgb@sohu.com,Female,Russia
589,Erhard,Donson,edonsongc@domainmarket.com,Male,China
590,Adlai,Troughton,atroughtongd@army.mil,Male,Czech Republic
591,Dennie,Dennitts,ddennittsge@gnu.org,Male,Brazil
592,Sharity,Povey,spoveygf@php.net,Female,Brazil
593,Hugues,Lambirth,hlambirthgg@mediafire.com,Male,Bolivia
594,Natty,Loosley,nloosleygh@php.net,Male,China
595,Zsa zsa,Scroggins,zscrogginsgi@senate.gov,Female,Kuwait
596,Magdalen,O' Mara,momaragj@goo.gl,Female,Peru
597,Johnna,Dooly,jdoolygk@woothemes.com,Female,Russia
598,Queenie,McDonough,qmcdonoughgl@reference.com,Female,Indonesia
599,Calhoun,Dirr,cdirrgm@businesswire.com,Male,Russia
600,Frasquito,Lynes,flynesgn@yellowbook.com,Male,Indonesia
601,Eugenius,Blakiston,eblakistongo@umich.edu,Male,Russia
602,Marthe,Mothersole,mmothersolegp@virginia.edu,Female,Indonesia
603,Bryce,Weerdenburg,bweerdenburggq@who.int,Male,Costa Rica
604,Sonia,Buckland,sbucklandgr@imgur.com,Female,Madagascar
605,Tamqrah,Blenkin,tblenkings@sogou.com,Female,Indonesia
606,Mona,Cesconi,mcesconigt@earthlink.net,Female,China
607,Inness,Paiton,ipaitongu@ftc.gov,Male,Philippines
608,Arnie,Scolland,ascollandgv@google.fr,Male,Argentina
609,Almeta,Fawson,afawsongw@youtube.com,Female,Colombia
610,Cord,Bloxsome,cbloxsomegx@printfriendly.com,Male,Norway
611,Kevon,Conley,kconleygy@paypal.com,Male,China
612,Xylia,Madner,xmadnergz@xrea.com,Female,Afghanistan
613,Hugh,Lilywhite,hlilywhiteh0@ihg.com,Male,China
614,Darrick,Wilding,dwildingh1@google.pl,Male,Thailand
615,Lee,Ife,lifeh2@hugedomains.com,Female,Uruguay
616,Gustaf,Kennaird,gkennairdh3@cnet.com,Male,Serbia
617,Samson,Scrannage,sscrannageh4@weebly.com,Male,China
618,Garret,Hully,ghullyh5@symantec.com,Male,China
619,Corinne,Bullion,cbullionh6@sohu.com,Female,Ukraine
620,Saundra,Riveles,srivelesh7@whitehouse.gov,Male,Greece
621,Ronny,Cammocke,rcammockeh8@cdc.gov,Male,China
622,Rosina,Fermoy,rfermoyh9@opensource.org,Female,Malaysia
623,Josephina,Warke,jwarkeha@reuters.com,Female,Philippines
624,Welsh,Cafferty,wcaffertyhb@trellian.com,Male,Japan
625,Eleanora,Morit,emorithc@over-blog.com,Female,Lebanon
626,Gillie,Van den Dael,gvandendaelhd@sina.com.cn,Female,Botswana
627,Frayda,Sawrey,fsawreyhe@ebay.com,Female,Philippines
628,Lloyd,Hehir,lhehirhf@ox.ac.uk,Male,France
629,Van,Sexten,vsextenhg@netlog.com,Male,Indonesia
630,Karine,Disdel,kdisdelhh@sciencedirect.com,Female,China
631,Edan,Menpes,emenpeshi@google.fr,Male,Cuba
632,Hesther,Chue,hchuehj@dailymotion.com,Female,China
633,Chev,Lighten,clightenhk@altervista.org,Male,Canada
634,Nomi,Gush,ngushhl@ca.gov,Female,Philippines
635,Magnum,Brookton,mbrooktonhm@amazon.de,Male,Portugal
636,Paquito,Turpie,pturpiehn@dailymail.co.uk,Male,China
637,Melisandra,Stilling,mstillingho@jigsy.com,Female,Indonesia
638,Laurella,Dransfield,ldransfieldhp@sina.com.cn,Female,China
639,Mitch,McMurthy,mmcmurthyhq@hhs.gov,Male,Ukraine
640,Barthel,McDermot,bmcdermothr@deliciousdays.com,Male,Philippines
641,Brew,Sclater,bsclaterhs@gov.uk,Male,Philippines
642,Eldon,Behling,ebehlinght@unesco.org,Male,Serbia
643,Caty,Gartery,cgarteryhu@eventbrite.com,Female,Mexico
644,Zsazsa,Messam,zmessamhv@go.com,Female,Vietnam
645,Alida,Bower,abowerhw@xing.com,Female,Colombia
646,Urbano,Roundtree,uroundtreehx@flavors.me,Male,France
647,Rhonda,Hance,rhancehy@adobe.com,Female,Chile
648,Samuel,Noriega,snoriegahz@delicious.com,Male,Indonesia
649,Carmel,Roux,crouxi0@state.tx.us,Female,Peru
650,Henri,Dalman,hdalmani1@arstechnica.com,Male,Brazil
651,Erl,Gaishson,egaishsoni2@dot.gov,Male,China
652,Matthieu,Tiron,mtironi3@mediafire.com,Male,Tajikistan
653,Eduino,Heikkinen,eheikkineni4@admin.ch,Male,Indonesia
654,Parsifal,Lanston,planstoni5@angelfire.com,Male,China
655,Nick,Tasch,ntaschi6@google.es,Male,Philippines
656,Twyla,Schohier,tschohieri7@reuters.com,Female,Portugal
657,Barbaraanne,Ramsden,bramsdeni8@usa.gov,Female,China
658,Edan,Duffyn,eduffyni9@google.com.au,Male,Bosnia and Herzegovina
659,Staffard,Gonzalo,sgonzaloia@chronoengine.com,Male,Japan
660,Eric,Wilse,ewilseib@instagram.com,Male,Germany
661,Clarence,Boldecke,cboldeckeic@twitter.com,Male,South Africa
662,Rollin,Dewdeny,rdewdenyid@github.com,Male,Burkina Faso
663,Daryl,Franke,dfrankeie@hostgator.com,Female,Indonesia
664,Tamarah,Pirelli,tpirelliif@oakley.com,Female,China
665,Gannon,Gluyas,ggluyasig@fc2.com,Male,Albania
666,Brigida,Vosse,bvosseih@miitbeian.gov.cn,Female,Sweden
667,Brnaby,Danbi,bdanbiii@wisc.edu,Male,China
668,Valentia,Kiefer,vkieferij@latimes.com,Female,Indonesia
669,Ly,Brozek,lbrozekik@ehow.com,Male,Canada
670,Terese,Whewell,twhewellil@photobucket.com,Female,Sweden
671,Merill,Watkiss,mwatkissim@studiopress.com,Male,Philippines
672,Alanson,Lewerenz,alewerenzin@nbcnews.com,Male,Panama
673,Breanne,Elnaugh,belnaughio@ebay.co.uk,Female,Brazil
674,Vance,Bosche,vboscheip@discovery.com,Male,United Kingdom
675,Janean,Fairbard,jfairbardiq@marriott.com,Female,Russia
676,Cami,Kubiczek,ckubiczekir@skype.com,Female,Bulgaria
677,Eolanda,Dorracott,edorracottis@princeton.edu,Female,China
678,Elden,Monte,emonteit@sun.com,Male,Poland
679,Pamela,Camerana,pcameranaiu@dropbox.com,Female,Indonesia
680,Vassily,Mc Caghan,vmccaghaniv@addtoany.com,Male,Indonesia
681,Justen,Weyman,jweymaniw@1688.com,Male,Russia
682,Giff,Grigoli,ggrigoliix@gov.uk,Male,France
683,Charil,Genny,cgennyiy@tmall.com,Female,Poland
684,Adler,Stancliffe,astancliffeiz@zdnet.com,Male,Peru
685,Maurits,Selvester,mselvesterj0@hud.gov,Male,Thailand
686,Gordan,Izacenko,gizacenkoj1@friendfeed.com,Male,China
687,De witt,Gillison,dgillisonj2@stumbleupon.com,Male,Japan
688,Dante,Christoffersen,dchristoffersenj3@mayoclinic.com,Male,Philippines
689,Sheff,MacShirrie,smacshirriej4@unicef.org,Male,China
690,Griffy,Swaden,gswadenj5@addthis.com,Male,China
691,Myrlene,Gurr,mgurrj6@blogspot.com,Female,China
692,Collen,Neicho,cneichoj7@blogger.com,Female,Brazil
693,Hershel,Laird,hlairdj8@ucoz.com,Male,China
694,Brice,Blaby,bblabyj9@is.gd,Male,China
695,Barbaraanne,Sisey,bsiseyja@xinhuanet.com,Female,Ukraine
696,Terrance,Clissell,tclisselljb@spotify.com,Male,Lithuania
697,Paolo,Burfoot,pburfootjc@newsvine.com,Male,Sri Lanka
698,Sherwin,Penticost,spenticostjd@shop-pro.jp,Male,Spain
699,Meridel,Summerell,msummerellje@go.com,Female,Poland
700,Micaela,Bryer,mbryerjf@hexun.com,Female,Argentina
701,Gerald,Roubeix,groubeixjg@columbia.edu,Male,Indonesia
702,Job,Bloschke,jbloschkejh@redcross.org,Male,Poland
703,Stan,Bracknall,sbracknallji@merriam-webster.com,Male,Indonesia
704,Wiatt,Yushin,wyushinjj@slideshare.net,Male,Philippines
705,Brenna,Kinworthy,bkinworthyjk@washington.edu,Female,Kazakhstan
706,Letty,Relph,lrelphjl@ebay.co.uk,Female,Gabon
707,Helsa,Botwood,hbotwoodjm@soundcloud.com,Female,Portugal
708,Farrell,Tolworthy,ftolworthyjn@deviantart.com,Male,Switzerland
709,Mandel,Swinburn,mswinburnjo@parallels.com,Male,Iran
710,Jamaal,De Brett,jdebrettjp@bigcartel.com,Male,Serbia
711,Maynard,Boulter,mboulterjq@jalbum.net,Male,Indonesia
712,Mikael,Bibbie,mbibbiejr@sohu.com,Male,Bulgaria
713,Jacklyn,Battlestone,jbattlestonejs@wikispaces.com,Female,China
714,Duffy,Murrthum,dmurrthumjt@myspace.com,Male,Russia
715,Orel,Waldram,owaldramju@istockphoto.com,Female,Brazil
716,Jonas,Scaife,jscaifejv@cbslocal.com,Male,Russia
717,Tonia,Bagshaw,tbagshawjw@wunderground.com,Female,China
718,Kaylil,Duiged,kduigedjx@bbc.co.uk,Female,Dominican Republic
719,Nadiya,Emeline,nemelinejy@de.vu,Female,China
720,Coral,Baxill,cbaxilljz@moonfruit.com,Female,Canada
721,Koral,Goldstein,kgoldsteink0@seattletimes.com,Female,Bosnia and Herzegovina
722,Zelig,Crockett,zcrockettk1@archive.org,Male,Indonesia
723,Matthias,Bletso,mbletsok2@tripadvisor.com,Male,Indonesia
724,Zena,Kinforth,zkinforthk3@bizjournals.com,Female,Mali
725,Oriana,Casserley,ocasserleyk4@mtv.com,Female,Poland
726,Yolanda,Bottinelli,ybottinellik5@usa.gov,Female,Peru
727,Kathi,Sapsed,ksapsedk6@hexun.com,Female,Philippines
728,Elly,Middleton,emiddletonk7@blogger.com,Female,China
729,Broderick,Perdue,bperduek8@businessinsider.com,Male,Philippines
730,Mariel,Callicott,mcallicottk9@livejournal.com,Female,China
731,Mathian,Gasgarth,mgasgarthka@weibo.com,Male,El Salvador
732,Juliane,Kingsnoad,jkingsnoadkb@woothemes.com,Female,Indonesia
733,Julienne,Milazzo,jmilazzokc@walmart.com,Female,United States
734,Lynda,Richard,lrichardkd@shop-pro.jp,Female,China
735,Benita,Purshouse,bpurshouseke@biblegateway.com,Female,Sri Lanka
736,Rand,Such,rsuchkf@ebay.com,Male,Guatemala
737,Melinde,Rowlstone,mrowlstonekg@home.pl,Female,China
738,Berny,Mealham,bmealhamkh@rediff.com,Female,Philippines
739,Rik,Gemnett,rgemnettki@bluehost.com,Male,Sweden
740,Olimpia,Taylo,otaylokj@smugmug.com,Female,Panama
741,Bren,Dobbin,bdobbinkk@barnesandnoble.com,Female,Yemen
742,Serena,De Pietri,sdepietrikl@kickstarter.com,Female,Pakistan
743,Fransisco,Dunklee,fdunkleekm@ucoz.ru,Male,Paraguay
744,Bogey,Antusch,bantuschkn@hibu.com,Male,Lesotho
745,Lani,Kanzler,lkanzlerko@aol.com,Female,Luxembourg
746,Zola,Trippitt,ztrippittkp@devhub.com,Female,Sweden
747,Ham,Rielly,hriellykq@mysql.com,Male,Senegal
748,Thom,Hedger,thedgerkr@chicagotribune.com,Male,Russia
749,Urbain,Behagg,ubehaggks@oakley.com,Male,Paraguay
750,Shurwood,Leuchars,sleucharskt@yahoo.co.jp,Male,Qatar
751,Aguistin,Boles,abolesku@bravesites.com,Male,Philippines
752,Cal,Karpf,ckarpfkv@opera.com,Male,Philippines
753,Phillip,Vurley,pvurleykw@typepad.com,Male,Estonia
754,Shanan,Allonby,sallonbykx@rambler.ru,Male,Peru
755,Berri,Smeeton,bsmeetonky@angelfire.com,Female,China
756,Taddeusz,Loder,tloderkz@msu.edu,Male,China
757,Larry,Stede,lstedel0@wufoo.com,Male,Finland
758,Sarge,Lindback,slindbackl1@geocities.com,Male,Indonesia
759,Caye,Tourne,ctournel2@storify.com,Female,Greece
760,Duke,Axworthy,daxworthyl3@mapy.cz,Male,Czech Republic
761,Cesare,Gethins,cgethinsl4@comsenz.com,Male,Mongolia
762,Thomasina,Novak,tnovakl5@cdbaby.com,Female,Mongolia
763,Darrick,Llewhellin,dllewhellinl6@nydailynews.com,Male,Indonesia
764,Vincent,Atwool,vatwooll7@nbcnews.com,Male,Russia
765,Inness,Osbourne,iosbournel8@alibaba.com,Male,Micronesia
766,Clare,McDuall,cmcdualll9@storify.com,Male,Poland
767,Emmerich,Got,egotla@issuu.com,Male,Brazil
768,Ximenes,Hechlin,xhechlinlb@etsy.com,Male,Indonesia
769,Derby,Ilott,dilottlc@tumblr.com,Male,Indonesia
770,Coleen,Stoakley,cstoakleyld@wsj.com,Female,Russia
771,Connor,Guiet,cguietle@shareasale.com,Male,Thailand
772,Georgia,Buglar,gbuglarlf@ow.ly,Female,Slovakia
773,Will,Kenway,wkenwaylg@cam.ac.uk,Male,China
774,Hillary,Jeanin,hjeaninlh@rediff.com,Female,Russia
775,Brandi,Rathe,bratheli@fotki.com,Female,Netherlands
776,Waring,Keer,wkeerlj@un.org,Male,Colombia
777,Ogdon,Catton,ocattonlk@yelp.com,Male,France
778,Shaylah,Khomin,skhominll@google.ca,Female,Canada
779,Humbert,Hollyman,hhollymanlm@instagram.com,Male,Indonesia
780,Angie,Sapsford,asapsfordln@china.com.cn,Female,China
781,Reidar,Danielou,rdanieloulo@exblog.jp,Male,China
782,Elbertina,Wollacott,ewollacottlp@angelfire.com,Female,Canada
783,Kristofor,Cairney,kcairneylq@netvibes.com,Male,Russia
784,Brear,Nellen,bnellenlr@accuweather.com,Female,Colombia
785,Celestina,Cerith,ccerithls@xing.com,Female,Afghanistan
786,Nobie,Boal,nboallt@biblegateway.com,Male,China
787,Florry,Staples,fstapleslu@bandcamp.com,Female,Kosovo
788,Jacquelynn,Pigden,jpigdenlv@cpanel.net,Female,Poland
789,Lorens,Kedwell,lkedwelllw@npr.org,Male,South Africa
790,Aloisia,While,awhilelx@ebay.co.uk,Female,Kenya
791,Israel,Jedrzaszkiewicz,ijedrzaszkiewiczly@gravatar.com,Male,China
792,Pyotr,de Quesne,pdequesnelz@about.me,Male,Syria
793,Lukas,Iacopetti,liacopettim0@harvard.edu,Male,Greece
794,Batholomew,Brigginshaw,bbrigginshawm1@seesaa.net,Male,China
795,Aaren,Cromarty,acromartym2@globo.com,Female,China
796,Ed,Gittis,egittism3@google.nl,Male,Indonesia
797,Lucretia,Samarth,lsamarthm4@amazonaws.com,Female,China
798,Magdalene,Dadley,mdadleym5@ca.gov,Female,Brazil
799,Ginnifer,Ricciardiello,gricciardiellom6@cloudflare.com,Female,China
800,Roy,Ballach,rballachm7@examiner.com,Male,Canada
801,Laney,Hindenberger,lhindenbergerm8@google.de,Male,Indonesia
802,Asher,Harder,aharderm9@paginegialle.it,Male,Indonesia
803,Desmond,Calken,dcalkenma@usnews.com,Male,China
804,Alick,McGaughey,amcgaugheymb@hud.gov,Male,Greece
805,Kirby,Pickhaver,kpickhavermc@army.mil,Male,Portugal
806,Elnar,Outhwaite,eouthwaitemd@cornell.edu,Male,Poland
807,Gwenore,McQuade,gmcquademe@redcross.org,Female,Madagascar
808,Carlyn,Sloley,csloleymf@dell.com,Female,Nigeria
809,Daphna,Brevitt,dbrevittmg@twitter.com,Female,Indonesia
810,Laura,O'Hannay,lohannaymh@histats.com,Female,Indonesia
811,Lani,Strond,lstrondmi@dailymotion.com,Female,Ukraine
812,Emmeline,Maffioni,emaffionimj@t.co,Female,Poland
813,Genvieve,Petric,gpetricmk@is.gd,Female,Cyprus
814,Garnet,Grier,ggrierml@woothemes.com,Female,China
815,Teodoro,Pargetter,tpargettermm@hao123.com,Male,Norway
816,Merry,McIlmurray,mmcilmurraymn@xinhuanet.com,Male,Democratic Republic of the Congo
817,Ibrahim,Salman,isalmanmo@webmd.com,Male,Brazil
818,Amity,Smullin,asmullinmp@blogtalkradio.com,Female,Portugal
819,Christalle,Blackboro,cblackboromq@delicious.com,Female,Russia
820,Clara,Hrus,chrusmr@howstuffworks.com,Female,Portugal
821,Mimi,Poyle,mpoylems@people.com.cn,Female,France
822,Justin,Biskupiak,jbiskupiakmt@archive.org,Male,Vietnam
823,Ximenez,Jamary,xjamarymu@hp.com,Male,China
824,Grove,Heining,gheiningmv@discovery.com,Male,Russia
825,Weston,Bysouth,wbysouthmw@si.edu,Male,South Korea
826,Junina,McDougle,jmcdouglemx@elpais.com,Female,Macedonia
827,Sheppard,Heimann,sheimannmy@nyu.edu,Male,Colombia
828,Janelle,Floyd,jfloydmz@symantec.com,Female,Portugal
829,Dill,Legendre,dlegendren0@bandcamp.com,Male,Philippines
830,Tracy,Sleite,tsleiten1@jalbum.net,Female,China
831,Tanner,Stanwix,tstanwixn2@plala.or.jp,Male,Portugal
832,Kippie,Rock,krockn3@goodreads.com,Male,Vietnam
833,Aggie,Canas,acanasn4@techcrunch.com,Female,China
834,Malynda,Heinsius,mheinsiusn5@slate.com,Female,China
835,Rachelle,Huddart,rhuddartn6@taobao.com,Female,Serbia
836,Vin,Wilmut,vwilmutn7@cnn.com,Female,Bangladesh
837,Sasha,Roscamps,sroscampsn8@nsw.gov.au,Female,Ivory Coast
838,Heywood,Stener,hstenern9@miibeian.gov.cn,Male,China
839,Lorri,Aspinal,laspinalna@google.pl,Female,Peru
840,Adam,Calderonello,acalderonellonb@about.com,Male,Malawi
841,Gianna,Perrin,gperrinnc@howstuffworks.com,Female,United States
842,Darbie,Driffill,ddriffillnd@netlog.com,Female,Philippines
843,Priscilla,Griston,pgristonne@odnoklassniki.ru,Female,Thailand
844,Sandy,Drew,sdrewnf@cnet.com,Female,China
845,Beck,Kippax,bkippaxng@whitehouse.gov,Male,Lebanon
846,Andrea,Betz,abetznh@cbc.ca,Female,Indonesia
847,Joelly,Shorey,jshoreyni@salon.com,Female,Bosnia and Herzegovina
848,Mozelle,Goodyer,mgoodyernj@noaa.gov,Female,Indonesia
849,Chandra,Kingsland,ckingslandnk@purevolume.com,Female,Japan
850,Casandra,Birchner,cbirchnernl@spiegel.de,Female,Czech Republic
851,Egor,Coghlin,ecoghlinnm@bloglines.com,Male,Slovenia
852,Marjory,Pigot,mpigotnn@privacy.gov.au,Female,Thailand
853,Sergent,Batte,sbatteno@usa.gov,Male,Netherlands
854,Jennee,Gillinghams,jgillinghamsnp@chron.com,Female,Portugal
855,Myles,Kensy,mkensynq@sakura.ne.jp,Male,Poland
856,Guillaume,Lawden,glawdennr@squidoo.com,Male,Russia
857,Leeann,Riccardelli,lriccardellins@senate.gov,Female,United States
858,Kassi,Rye,kryent@ask.com,Female,Indonesia
859,Alain,Timmens,atimmensnu@marketwatch.com,Male,Greece
860,Jessi,Bockh,jbockhnv@shareasale.com,Female,Thailand
861,Roosevelt,Catherick,rcathericknw@weebly.com,Male,Indonesia
862,Ermengarde,Setford,esetfordnx@jugem.jp,Female,China
863,Corty,Coxall,ccoxallny@state.gov,Male,Philippines
864,Lonnie,Branson,lbransonnz@squarespace.com,Female,Germany
865,Josiah,Hamlington,jhamlingtono0@topsy.com,Male,France
866,Holden,Lantry,hlantryo1@fotki.com,Male,China
867,Ewan,MacEnelly,emacenellyo2@gravatar.com,Male,United States
868,Corey,Eby,cebyo3@usda.gov,Female,Philippines
869,Kandace,Dewberry,kdewberryo4@yahoo.co.jp,Female,China
870,Darcie,Adicot,dadicoto5@livejournal.com,Female,China
871,Levey,Iliff,liliffo6@usa.gov,Male,Brazil
872,Doy,Booth-Jarvis,dboothjarviso7@unc.edu,Male,Mauritius
873,Manuel,Trill,mtrillo8@pinterest.com,Male,Kenya
874,Natalee,Deppen,ndeppeno9@java.com,Female,Indonesia
875,Rand,Le Page,rlepageoa@feedburner.com,Male,Sierra Leone
876,Gerda,Schonfelder,gschonfelderob@soup.io,Female,China
877,Trent,Allchin,tallchinoc@cyberchimps.com,Male,Poland
878,Ariela,Steaning,asteaningod@studiopress.com,Female,Sweden
879,Roderick,Shinn,rshinnoe@bloglines.com,Male,Malaysia
880,Winni,Valance,wvalanceof@smh.com.au,Female,Peru
881,Shaun,Breen,sbreenog@surveymonkey.com,Male,Japan
882,Barby,Fittall,bfittalloh@timesonline.co.uk,Female,Burundi
883,Anestassia,Sworne,asworneoi@usnews.com,Female,France
884,Isador,O' Hanvey,iohanveyoj@va.gov,Male,Indonesia
885,Erhart,Eivers,eeiversok@patch.com,Male,Sri Lanka
886,Esra,Cocking,ecockingol@cbsnews.com,Male,Philippines
887,Obadias,Annakin,oannakinom@tumblr.com,Male,Central African Republic
888,Rhiamon,Niset,rniseton@xrea.com,Female,Philippines
889,Theodosia,Chardin,tchardinoo@cornell.edu,Female,Philippines
890,Marline,Kuscha,mkuschaop@usatoday.com,Female,Mexico
891,Truman,Kilbourne,tkilbourneoq@apple.com,Male,Benin
892,Sella,Gibbard,sgibbardor@bloglines.com,Female,Portugal
893,Janka,Stevings,jstevingsos@google.com.br,Female,South Korea
894,Deny,Gigg,dgiggot@opensource.org,Female,China
895,Dur,Butcher,dbutcherou@amazon.com,Male,United States
896,Brannon,Stealy,bstealyov@delicious.com,Male,China
897,Hobard,Vasyutin,hvasyutinow@cbsnews.com,Male,Poland
898,Doreen,Bendon,dbendonox@slideshare.net,Female,China
899,Duffy,Scotland,dscotlandoy@skyrock.com,Male,Indonesia
900,Justina,Hurdman,jhurdmanoz@loc.gov,Female,France
901,Brenna,Mustchin,bmustchinp0@google.nl,Female,Chile
902,Ronnie,Snookes,rsnookesp1@domainmarket.com,Female,Indonesia
903,Kyrstin,Narbett,knarbettp2@ebay.co.uk,Female,Palestinian Territory
904,Annie,Mortlock,amortlockp3@google.de,Female,Malaysia
905,Byrann,Gannaway,bgannawayp4@google.ru,Male,Portugal
906,Philomena,Tesimon,ptesimonp5@woothemes.com,Female,Georgia
907,Fanechka,Prestney,fprestneyp6@disqus.com,Female,Philippines
908,Dori,De La Cote,ddelacotep7@ebay.co.uk,Female,Sweden
909,Dynah,Gunthorp,dgunthorpp8@php.net,Female,Greece
910,Drugi,Denys,ddenysp9@ed.gov,Male,China
911,Alec,Laurencot,alaurencotpa@jimdo.com,Male,Senegal
912,Craggie,Ibell,cibellpb@msn.com,Male,Morocco
913,Godfrey,Parnham,gparnhampc@smugmug.com,Male,Canada
914,Maia,Iowarch,miowarchpd@illinois.edu,Female,Belarus
915,Shepard,Landeg,slandegpe@dyndns.org,Male,Indonesia
916,Giraud,Maskew,gmaskewpf@latimes.com,Male,Peru
917,Maynard,Maeer,mmaeerpg@sohu.com,Male,Brazil
918,Garik,Aubin,gaubinph@cnet.com,Male,China
919,Kelly,Ezzle,kezzlepi@mac.com,Female,Russia
920,Franny,Davydkov,fdavydkovpj@telegraph.co.uk,Male,Russia
921,Verna,Castel,vcastelpk@columbia.edu,Female,Bolivia
922,Merl,Potes,mpotespl@apache.org,Female,Indonesia
923,Bruce,Hoyland,bhoylandpm@hc360.com,Male,Philippines
924,Gaylor,Albin,galbinpn@drupal.org,Male,China
925,Krissie,Ringer,kringerpo@ft.com,Female,Malaysia
926,Lyndsey,Figures,lfigurespp@wikia.com,Female,Iran
927,Sumner,Sowerby,ssowerbypq@si.edu,Male,Tunisia
928,Tatum,Faircliffe,tfaircliffepr@dropbox.com,Female,China
929,Base,Algate,balgateps@dell.com,Male,China
930,Candide,Wearden,cweardenpt@shinystat.com,Female,China
931,Maggee,Kristufek,mkristufekpu@newsvine.com,Female,Pakistan
932,Lalo,Casarili,lcasarilipv@usatoday.com,Male,Argentina
933,Wallie,Mattedi,wmattedipw@elegantthemes.com,Female,Japan
934,Ardelle,Moorman,amoormanpx@google.fr,Female,Japan
935,Swen,MacMenamy,smacmenamypy@scribd.com,Male,Finland
936,Bary,Partkya,bpartkyapz@sciencedaily.com,Male,Poland
937,Ardenia,Yegorkov,ayegorkovq0@bloglovin.com,Female,France
938,Alastair,Perillo,aperilloq1@boston.com,Male,Morocco
939,Galven,Robertz,grobertzq2@usgs.gov,Male,France
940,Winnie,Tremain,wtremainq3@reuters.com,Female,Benin
941,Martica,Filpi,mfilpiq4@oracle.com,Female,Indonesia
942,Rowney,Salkeld,rsalkeldq5@wikimedia.org,Male,China
943,Garth,Dunkerton,gdunkertonq6@uol.com.br,Male,China
944,Brewer,Balwin,bbalwinq7@alexa.com,Male,Canada
945,Aurelea,Van der Spohr,avanderspohrq8@wunderground.com,Female,China
946,Doloritas,Arenson,darensonq9@earthlink.net,Female,China
947,Jarid,Crichmere,jcrichmereqa@facebook.com,Male,Syria
948,Anthiathia,Nockles,anocklesqb@paypal.com,Female,South Africa
949,Trent,Rignall,trignallqc@linkedin.com,Male,United States
950,Seamus,Matchett,smatchettqd@yahoo.com,Male,Russia
951,Madison,Fredi,mfrediqe@issuu.com,Male,Indonesia
952,Amelita,Baglin,abaglinqf@hibu.com,Female,Norway
953,Amby,Melonby,amelonbyqg@altervista.org,Male,China
954,Blondy,Garlinge,bgarlingeqh@blogger.com,Female,Iran
955,Rhodie,Doornbos,rdoornbosqi@t.co,Female,Japan
956,Wiley,Applegate,wapplegateqj@reuters.com,Male,Indonesia
957,Henrik,Donaldson,hdonaldsonqk@wikia.com,Male,Czech Republic
958,Thaxter,Jouanot,tjouanotql@4shared.com,Male,Bosnia and Herzegovina
959,Phillis,Latham,plathamqm@dagondesign.com,Female,Russia
960,Hilly,Allon,hallonqn@ft.com,Male,China
961,Alic,Ricciardelli,aricciardelliqo@blinklist.com,Male,Brazil
962,Brice,Tesche,btescheqp@google.com.hk,Male,China
963,Elsi,Clemenceau,eclemenceauqq@clickbank.net,Female,Slovenia
964,Quinlan,Milella,qmilellaqr@fema.gov,Male,Colombia
965,Elnore,Cobelli,ecobelliqs@ucla.edu,Female,Peru
966,Ashlee,Killingbeck,akillingbeckqt@abc.net.au,Female,Indonesia
967,Denni,Treleaven,dtreleavenqu@intel.com,Female,China
968,Coreen,Arrell,carrellqv@bigcartel.com,Female,Indonesia
969,Padraig,Flaunders,pflaundersqw@taobao.com,Male,Nepal
970,Roderich,Firle,rfirleqx@tiny.cc,Male,Mongolia
971,Lucais,Crimp,lcrimpqy@goo.ne.jp,Male,Russia
972,Raymond,Clausner,rclausnerqz@wix.com,Male,Canada
973,Rona,Brockhouse,rbrockhouser0@squidoo.com,Female,Luxembourg
974,Karlie,Chewter,kchewterr1@biglobe.ne.jp,Female,China
975,Caspar,Ashman,cashmanr2@wp.com,Male,China
976,Sanson,Hastilow,shastilowr3@arizona.edu,Male,Portugal
977,Zea,Curtois,zcurtoisr4@ibm.com,Female,Bulgaria
978,Lela,Giovanitti,lgiovanittir5@examiner.com,Female,Philippines
979,Irvin,Ciepluch,iciepluchr6@cloudflare.com,Male,Russia
980,Eal,Pitcaithly,epitcaithlyr7@vinaora.com,Male,Chile
981,Noreen,Seeks,nseeksr8@homestead.com,Female,Philippines
982,Editha,Lots,elotsr9@blinklist.com,Female,China
983,Holden,Belf,hbelfra@chicagotribune.com,Male,China
984,Dacy,Clementi,dclementirb@who.int,Female,Poland
985,Maribel,Lowdwell,mlowdwellrc@icio.us,Female,Venezuela
986,Anna-maria,Chidley,achidleyrd@tumblr.com,Female,Trinidad and Tobago
987,Foster,Hegg,fheggre@disqus.com,Male,Lesotho
988,Fulvia,Lowndesbrough,flowndesbroughrf@twitpic.com,Female,Greece
989,Marvin,Dumbrill,mdumbrillrg@dedecms.com,Male,Brazil
990,Louisette,Pacitti,lpacittirh@ibm.com,Female,China
991,Scott,Hein,sheinri@cargocollective.com,Male,Poland
992,Stephine,Staniland,sstanilandrj@a8.net,Female,Ethiopia
993,Isabelita,Brandenburg,ibrandenburgrk@instagram.com,Female,Ukraine
994,Andree,Lysons,alysonsrl@google.co.uk,Female,United States
995,Lezlie,Sumers,lsumersrm@mac.com,Female,Argentina
996,Lucius,Huckfield,lhuckfieldrn@cnet.com,Male,Australia
997,Leland,Brookhouse,lbrookhousero@cyberchimps.com,Male,China
998,Lorilee,Durker,ldurkerrp@irs.gov,Female,Indonesia
999,Town,Mordie,tmordierq@slideshare.net,Male,Bangladesh
1000,Matthiew,Dilworth,mdilworthrr@wikispaces.com,Male,Portugal
